{
 "rr-qd1": {
  "iops": 0.05,
  "p99": 0.11238666715853009,
  "p999": 0.12506965284320107
 },
 "rr-qd32": {
  "iops": 0.05,
  "p99": 0.05,
  "p999": 0.09778998955520077
 },
 "rr-qd8": {
  "iops": 0.05,
  "p99": 0.05,
  "p999": 0.14662480287394947
 },
 "rw-qd1": {
  "iops": 0.05,
  "p99": 0.059105850748248194,
  "p999": 0.17951593259397633
 },
 "rw-qd32": {
  "iops": 0.05,
  "p99": 0.06650577454529337,
  "p999": 0.06844321494755415
 },
 "rw-qd8": {
  "iops": 0.05,
  "p99": 0.10426609153884822,
  "p999": 0.13042569818137661
 },
 "sr-1m": {
  "iops": 0.05,
  "p99": 0.05,
  "p999": 0.05
 },
 "sw-1m": {
  "iops": 0.05,
  "p99": 0.1579483133803212,
  "p999": 0.7042390160054204
 }
}