{
 "rr-qd1": {
  "iops": 0.05,
  "p99": 0.05,
  "p999": 0.1516960375036543
 },
 "rr-qd32": {
  "iops": 0.05,
  "p99": 0.05,
  "p999": 0.09886676827581395
 },
 "rr-qd8": {
  "iops": 0.05,
  "p99": 0.05,
  "p999": 0.08422795264640294
 },
 "rw-qd1": {
  "iops": 0.05,
  "p99": 0.05,
  "p999": 0.05
 },
 "rw-qd32": {
  "iops": 0.05,
  "p99": 0.05,
  "p999": 0.26425295562259676
 },
 "rw-qd8": {
  "iops": 0.05,
  "p99": 0.05,
  "p999": 0.05
 },
 "sr-1m": {
  "iops": 0.05,
  "p99": 0.05,
  "p999": 0.05608216532629154
 },
 "sw-1m": {
  "iops": 0.05,
  "p99": 0.05,
  "p999": 0.05
 }
}